BPS,EVT,ACRES
BPS  Open Water,EVT  Open Water,6450
BPS  Barren-Rock/Sand/Clay,EVT  Sparsely Vegetated,3
BPS  Hardwood,EVT  Grassland,435
BPS  Hardwood,EVT  Shrubland,189
BPS  Hardwood,EVT  Conifer,347
BPS  Hardwood,EVT  Grassland,57
BPS  Hardwood,EVT  Shrubland,24
BPS  Hardwood,EVT  Conifer,64
BPS  Hardwood,EVT  Grassland,26
BPS  Hardwood,EVT  Shrubland,0
BPS  Hardwood,EVT  Conifer,130
BPS  Hardwood,EVT  Hardwood,1996
BPS  Hardwood,EVT  Conifer-Hardwood,1537
BPS  Hardwood,EVT  Hardwood,7398
BPS  Hardwood,EVT  Conifer-Hardwood,16068
BPS  Hardwood,EVT  Grassland,2
BPS  Hardwood,EVT  Shrubland,48
BPS  Hardwood,EVT  Quarries-Strip Mines-Gravel Pits-Well and Wind Pads,49
BPS  Hardwood,EVT  Developed-Low Intensity,2390
BPS  Hardwood,EVT  Developed-Medium Intensity,1079
BPS  Hardwood,EVT  Developed-High Intensity,190
BPS  Hardwood,EVT  Developed-Roads,10669
BPS  Hardwood,EVT  Hardwood,458082
BPS  Hardwood,EVT  Hardwood,249
BPS  Hardwood,EVT  Conifer,1522
BPS  Hardwood,EVT  Conifer,5577
BPS  Hardwood,EVT  Conifer,73
BPS  Hardwood,EVT  Conifer,49
BPS  Hardwood,EVT  Conifer,10739
BPS  Hardwood,EVT  Conifer-Hardwood,56213
BPS  Hardwood,EVT  Conifer,6
BPS  Hardwood,EVT  Shrubland,4
BPS  Hardwood,EVT  Conifer,40
BPS  Hardwood,EVT  Hardwood,1723
BPS  Hardwood,EVT  Conifer,217
BPS  Hardwood,EVT  Riparian,667
BPS  Hardwood,EVT  Conifer-Hardwood,106
BPS  Hardwood,EVT  Hardwood,247
BPS  Hardwood,EVT  Conifer-Hardwood,159
BPS  Hardwood,EVT  Hardwood,3208
BPS  Hardwood,EVT  Conifer-Hardwood,16448
BPS  Hardwood,EVT  Hardwood,76
BPS  Hardwood,EVT  Conifer-Hardwood,7
BPS  Hardwood,EVT  Developed,4016
BPS  Hardwood,EVT  Developed,777
BPS  Hardwood,EVT  Developed,2543
BPS  Hardwood,EVT  Developed,2404
BPS  Hardwood,EVT  Developed,1002
BPS  Hardwood,EVT  Developed,6283
BPS  Hardwood,EVT  Developed,679
BPS  Hardwood,EVT  Developed,1599
BPS  Hardwood,EVT  Developed,612
BPS  Hardwood,EVT  Developed,883
BPS  Hardwood,EVT  Developed,43
BPS  Hardwood,EVT  Developed,2
BPS  Hardwood,EVT  Developed,4
BPS  Hardwood,EVT  Agricultural,305
BPS  Hardwood,EVT  Agricultural,817
BPS  Hardwood,EVT  Agricultural,407
BPS  Hardwood,EVT  Agricultural,82
BPS  Hardwood,EVT  Agricultural,8295
BPS  Hardwood,EVT  Riparian,3
BPS  Hardwood,EVT  Riparian,4
BPS  Hardwood,EVT  Riparian,3
BPS  Hardwood,EVT  Riparian,18
BPS  Hardwood,EVT  Riparian,0
BPS  Hardwood,EVT  Riparian,28
BPS  Hardwood,EVT  Riparian,115
BPS  Hardwood,EVT  Riparian,144
BPS  Hardwood,EVT  Riparian,82
BPS  Hardwood,EVT  Riparian,51
BPS  Hardwood,EVT  Riparian,14
BPS  Hardwood,EVT  Riparian,101
BPS  Hardwood,EVT  Riparian,6
BPS  Hardwood,EVT  Riparian,6229
BPS  Hardwood,EVT  Conifer,414
BPS  Hardwood,EVT  Hardwood,5
BPS  Hardwood,EVT  Conifer,1294
BPS  Hardwood,EVT  Riparian,1
BPS  Hardwood,EVT  Conifer-Hardwood,488
BPS  Hardwood,EVT  Exotic Tree-Shrub,321
BPS  Hardwood,EVT  Riparian,0
BPS  Hardwood,EVT  Riparian,5
BPS  Hardwood,EVT  Riparian,12
BPS  Hardwood,EVT  Shrubland,30
BPS  Hardwood,EVT  Exotic Herbaceous,812
BPS  Hardwood-Conifer,EVT  Grassland,4
BPS  Hardwood-Conifer,EVT  Shrubland,1
BPS  Hardwood-Conifer,EVT  Conifer,1
BPS  Hardwood-Conifer,EVT  Grassland,2
BPS  Hardwood-Conifer,EVT  Conifer,0
BPS  Hardwood-Conifer,EVT  Grassland,1
BPS  Hardwood-Conifer,EVT  Hardwood,222
BPS  Hardwood-Conifer,EVT  Conifer-Hardwood,175
BPS  Hardwood-Conifer,EVT  Hardwood,199
BPS  Hardwood-Conifer,EVT  Conifer-Hardwood,533
BPS  Hardwood-Conifer,EVT  Quarries-Strip Mines-Gravel Pits-Well and Wind Pads,16
BPS  Hardwood-Conifer,EVT  Developed-Low Intensity,189
BPS  Hardwood-Conifer,EVT  Developed-Medium Intensity,108
BPS  Hardwood-Conifer,EVT  Developed-High Intensity,14
BPS  Hardwood-Conifer,EVT  Developed-Roads,328
BPS  Hardwood-Conifer,EVT  Hardwood,2701
BPS  Hardwood-Conifer,EVT  Hardwood,43
BPS  Hardwood-Conifer,EVT  Conifer,0
BPS  Hardwood-Conifer,EVT  Conifer,194
BPS  Hardwood-Conifer,EVT  Conifer,458
BPS  Hardwood-Conifer,EVT  Conifer,8
BPS  Hardwood-Conifer,EVT  Conifer,3
BPS  Hardwood-Conifer,EVT  Conifer,113
BPS  Hardwood-Conifer,EVT  Conifer-Hardwood,28
BPS  Hardwood-Conifer,EVT  Conifer,3
BPS  Hardwood-Conifer,EVT  Hardwood,91
BPS  Hardwood-Conifer,EVT  Conifer,2
BPS  Hardwood-Conifer,EVT  Riparian,8
BPS  Hardwood-Conifer,EVT  Conifer-Hardwood,20
BPS  Hardwood-Conifer,EVT  Hardwood,20
BPS  Hardwood-Conifer,EVT  Conifer-Hardwood,16
BPS  Hardwood-Conifer,EVT  Hardwood,14
BPS  Hardwood-Conifer,EVT  Conifer-Hardwood,171
BPS  Hardwood-Conifer,EVT  Hardwood,5
BPS  Hardwood-Conifer,EVT  Conifer-Hardwood,1
BPS  Hardwood-Conifer,EVT  Developed,54
BPS  Hardwood-Conifer,EVT  Developed,51
BPS  Hardwood-Conifer,EVT  Developed,79
BPS  Hardwood-Conifer,EVT  Developed,158
BPS  Hardwood-Conifer,EVT  Developed,24
BPS  Hardwood-Conifer,EVT  Developed,161
BPS  Hardwood-Conifer,EVT  Developed,94
BPS  Hardwood-Conifer,EVT  Developed,87
BPS  Hardwood-Conifer,EVT  Developed,17
BPS  Hardwood-Conifer,EVT  Developed,62
BPS  Hardwood-Conifer,EVT  Developed,3
BPS  Hardwood-Conifer,EVT  Developed,0
BPS  Hardwood-Conifer,EVT  Agricultural,2
BPS  Hardwood-Conifer,EVT  Agricultural,38
BPS  Hardwood-Conifer,EVT  Agricultural,13
BPS  Hardwood-Conifer,EVT  Agricultural,8
BPS  Hardwood-Conifer,EVT  Agricultural,343
BPS  Hardwood-Conifer,EVT  Riparian,0
BPS  Hardwood-Conifer,EVT  Riparian,1
BPS  Hardwood-Conifer,EVT  Riparian,3
BPS  Hardwood-Conifer,EVT  Riparian,0
BPS  Hardwood-Conifer,EVT  Riparian,2
BPS  Hardwood-Conifer,EVT  Riparian,13
BPS  Hardwood-Conifer,EVT  Conifer,1
BPS  Hardwood-Conifer,EVT  Hardwood,1
BPS  Hardwood-Conifer,EVT  Conifer,55
BPS  Hardwood-Conifer,EVT  Riparian,1
BPS  Hardwood-Conifer,EVT  Conifer-Hardwood,26
BPS  Hardwood-Conifer,EVT  Exotic Tree-Shrub,3
BPS  Hardwood-Conifer,EVT  Riparian,0
BPS  Hardwood-Conifer,EVT  Exotic Herbaceous,11
BPS  Hardwood-Conifer,EVT  Grassland,72
BPS  Hardwood-Conifer,EVT  Shrubland,24
BPS  Hardwood-Conifer,EVT  Conifer,44
BPS  Hardwood-Conifer,EVT  Conifer,0
BPS  Hardwood-Conifer,EVT  Grassland,2
BPS  Hardwood-Conifer,EVT  Conifer,1
BPS  Hardwood-Conifer,EVT  Hardwood,781
BPS  Hardwood-Conifer,EVT  Conifer-Hardwood,987
BPS  Hardwood-Conifer,EVT  Hardwood,2651
BPS  Hardwood-Conifer,EVT  Conifer-Hardwood,10520
BPS  Hardwood-Conifer,EVT  Quarries-Strip Mines-Gravel Pits-Well and Wind Pads,87
BPS  Hardwood-Conifer,EVT  Developed-Low Intensity,679
BPS  Hardwood-Conifer,EVT  Developed-Medium Intensity,303
BPS  Hardwood-Conifer,EVT  Developed-High Intensity,50
BPS  Hardwood-Conifer,EVT  Developed-Roads,2189
BPS  Hardwood-Conifer,EVT  Hardwood,24803
BPS  Hardwood-Conifer,EVT  Hardwood,42
BPS  Hardwood-Conifer,EVT  Conifer,0
BPS  Hardwood-Conifer,EVT  Conifer,1395
BPS  Hardwood-Conifer,EVT  Conifer,7597
BPS  Hardwood-Conifer,EVT  Conifer,46
BPS  Hardwood-Conifer,EVT  Conifer,52
BPS  Hardwood-Conifer,EVT  Conifer,1335
BPS  Hardwood-Conifer,EVT  Conifer-Hardwood,79
BPS  Hardwood-Conifer,EVT  Conifer,1
BPS  Hardwood-Conifer,EVT  Hardwood,244
BPS  Hardwood-Conifer,EVT  Conifer,14
BPS  Hardwood-Conifer,EVT  Riparian,177
BPS  Hardwood-Conifer,EVT  Conifer-Hardwood,80
BPS  Hardwood-Conifer,EVT  Hardwood,91
BPS  Hardwood-Conifer,EVT  Conifer-Hardwood,93
BPS  Hardwood-Conifer,EVT  Hardwood,118
BPS  Hardwood-Conifer,EVT  Conifer-Hardwood,999
BPS  Hardwood-Conifer,EVT  Hardwood,7
BPS  Hardwood-Conifer,EVT  Conifer-Hardwood,1
BPS  Hardwood-Conifer,EVT  Developed,452
BPS  Hardwood-Conifer,EVT  Developed,365
BPS  Hardwood-Conifer,EVT  Developed,492
BPS  Hardwood-Conifer,EVT  Developed,623
BPS  Hardwood-Conifer,EVT  Developed,112
BPS  Hardwood-Conifer,EVT  Developed,953
BPS  Hardwood-Conifer,EVT  Developed,617
BPS  Hardwood-Conifer,EVT  Developed,607
BPS  Hardwood-Conifer,EVT  Developed,127
BPS  Hardwood-Conifer,EVT  Developed,286
BPS  Hardwood-Conifer,EVT  Developed,16
BPS  Hardwood-Conifer,EVT  Developed,0
BPS  Hardwood-Conifer,EVT  Developed,2
BPS  Hardwood-Conifer,EVT  Agricultural,38
BPS  Hardwood-Conifer,EVT  Agricultural,536
BPS  Hardwood-Conifer,EVT  Agricultural,174
BPS  Hardwood-Conifer,EVT  Agricultural,61
BPS  Hardwood-Conifer,EVT  Agricultural,2753
BPS  Hardwood-Conifer,EVT  Agricultural,0
BPS  Hardwood-Conifer,EVT  Riparian,0
BPS  Hardwood-Conifer,EVT  Riparian,1
BPS  Hardwood-Conifer,EVT  Riparian,1
BPS  Hardwood-Conifer,EVT  Riparian,0
BPS  Hardwood-Conifer,EVT  Riparian,2
BPS  Hardwood-Conifer,EVT  Riparian,68
BPS  Hardwood-Conifer,EVT  Riparian,8
BPS  Hardwood-Conifer,EVT  Riparian,10
BPS  Hardwood-Conifer,EVT  Riparian,35
BPS  Hardwood-Conifer,EVT  Riparian,10
BPS  Hardwood-Conifer,EVT  Riparian,1
BPS  Hardwood-Conifer,EVT  Riparian,1
BPS  Hardwood-Conifer,EVT  Riparian,115
BPS  Hardwood-Conifer,EVT  Conifer,17
BPS  Hardwood-Conifer,EVT  Hardwood,1
BPS  Hardwood-Conifer,EVT  Conifer,970
BPS  Hardwood-Conifer,EVT  Riparian,1
BPS  Hardwood-Conifer,EVT  Conifer-Hardwood,216
BPS  Hardwood-Conifer,EVT  Exotic Tree-Shrub,48
BPS  Hardwood-Conifer,EVT  Riparian,0
BPS  Hardwood-Conifer,EVT  Riparian,2
BPS  Hardwood-Conifer,EVT  Riparian,1
BPS  Hardwood-Conifer,EVT  Shrubland,4
BPS  Hardwood-Conifer,EVT  Exotic Herbaceous,156
BPS  Hardwood-Conifer,EVT  Grassland,19
BPS  Hardwood-Conifer,EVT  Shrubland,2
BPS  Hardwood-Conifer,EVT  Conifer,12
BPS  Hardwood-Conifer,EVT  Hardwood,971
BPS  Hardwood-Conifer,EVT  Conifer-Hardwood,739
BPS  Hardwood-Conifer,EVT  Hardwood,680
BPS  Hardwood-Conifer,EVT  Conifer-Hardwood,1408
BPS  Hardwood-Conifer,EVT  Quarries-Strip Mines-Gravel Pits-Well and Wind Pads,47
BPS  Hardwood-Conifer,EVT  Developed-Low Intensity,392
BPS  Hardwood-Conifer,EVT  Developed-Medium Intensity,289
BPS  Hardwood-Conifer,EVT  Developed-High Intensity,103
BPS  Hardwood-Conifer,EVT  Developed-Roads,979
BPS  Hardwood-Conifer,EVT  Hardwood,11926
BPS  Hardwood-Conifer,EVT  Hardwood,266
BPS  Hardwood-Conifer,EVT  Conifer,519
BPS  Hardwood-Conifer,EVT  Conifer,791
BPS  Hardwood-Conifer,EVT  Conifer,37
BPS  Hardwood-Conifer,EVT  Conifer,47
BPS  Hardwood-Conifer,EVT  Conifer,113
BPS  Hardwood-Conifer,EVT  Conifer,17
BPS  Hardwood-Conifer,EVT  Hardwood,1270
BPS  Hardwood-Conifer,EVT  Conifer,0
BPS  Hardwood-Conifer,EVT  Riparian,45
BPS  Hardwood-Conifer,EVT  Conifer-Hardwood,208
BPS  Hardwood-Conifer,EVT  Hardwood,237
BPS  Hardwood-Conifer,EVT  Conifer-Hardwood,287
BPS  Hardwood-Conifer,EVT  Hardwood,11
BPS  Hardwood-Conifer,EVT  Conifer-Hardwood,17
BPS  Hardwood-Conifer,EVT  Hardwood,7
BPS  Hardwood-Conifer,EVT  Conifer-Hardwood,8
BPS  Hardwood-Conifer,EVT  Developed,288
BPS  Hardwood-Conifer,EVT  Developed,62
BPS  Hardwood-Conifer,EVT  Developed,181
BPS  Hardwood-Conifer,EVT  Developed,363
BPS  Hardwood-Conifer,EVT  Developed,51
BPS  Hardwood-Conifer,EVT  Developed,345
BPS  Hardwood-Conifer,EVT  Developed,196
BPS  Hardwood-Conifer,EVT  Developed,256
BPS  Hardwood-Conifer,EVT  Developed,84
BPS  Hardwood-Conifer,EVT  Developed,374
BPS  Hardwood-Conifer,EVT  Developed,21
BPS  Hardwood-Conifer,EVT  Developed,2
BPS  Hardwood-Conifer,EVT  Developed,4
BPS  Hardwood-Conifer,EVT  Agricultural,64
BPS  Hardwood-Conifer,EVT  Agricultural,199
BPS  Hardwood-Conifer,EVT  Agricultural,259
BPS  Hardwood-Conifer,EVT  Agricultural,43
BPS  Hardwood-Conifer,EVT  Agricultural,1619
BPS  Hardwood-Conifer,EVT  Agricultural,0
BPS  Hardwood-Conifer,EVT  Riparian,3
BPS  Hardwood-Conifer,EVT  Riparian,5
BPS  Hardwood-Conifer,EVT  Riparian,29
BPS  Hardwood-Conifer,EVT  Riparian,6
BPS  Hardwood-Conifer,EVT  Riparian,3
BPS  Hardwood-Conifer,EVT  Riparian,15
BPS  Hardwood-Conifer,EVT  Riparian,3
BPS  Hardwood-Conifer,EVT  Riparian,1
BPS  Hardwood-Conifer,EVT  Riparian,12
BPS  Hardwood-Conifer,EVT  Riparian,11
BPS  Hardwood-Conifer,EVT  Conifer,12
BPS  Hardwood-Conifer,EVT  Hardwood,22
BPS  Hardwood-Conifer,EVT  Conifer,211
BPS  Hardwood-Conifer,EVT  Riparian,1
BPS  Hardwood-Conifer,EVT  Conifer-Hardwood,125
BPS  Hardwood-Conifer,EVT  Exotic Tree-Shrub,30
BPS  Hardwood-Conifer,EVT  Riparian,0
BPS  Hardwood-Conifer,EVT  Riparian,0
BPS  Hardwood-Conifer,EVT  Shrubland,5
BPS  Hardwood-Conifer,EVT  Exotic Herbaceous,127
BPS  Hardwood,EVT  Grassland,10
BPS  Hardwood,EVT  Shrubland,1
BPS  Hardwood,EVT  Conifer,4
BPS  Hardwood,EVT  Hardwood,111
BPS  Hardwood,EVT  Conifer-Hardwood,199
BPS  Hardwood,EVT  Hardwood,276
BPS  Hardwood,EVT  Conifer-Hardwood,635
BPS  Hardwood,EVT  Quarries-Strip Mines-Gravel Pits-Well and Wind Pads,1
BPS  Hardwood,EVT  Developed-Low Intensity,141
BPS  Hardwood,EVT  Developed-Medium Intensity,76
BPS  Hardwood,EVT  Developed-High Intensity,10
BPS  Hardwood,EVT  Developed-Roads,299
BPS  Hardwood,EVT  Hardwood,1386
BPS  Hardwood,EVT  Hardwood,6
BPS  Hardwood,EVT  Conifer,280
BPS  Hardwood,EVT  Conifer,882
BPS  Hardwood,EVT  Conifer,7
BPS  Hardwood,EVT  Conifer,8
BPS  Hardwood,EVT  Conifer,19
BPS  Hardwood,EVT  Conifer,2
BPS  Hardwood,EVT  Hardwood,32
BPS  Hardwood,EVT  Conifer,1
BPS  Hardwood,EVT  Riparian,94
BPS  Hardwood,EVT  Conifer-Hardwood,16
BPS  Hardwood,EVT  Hardwood,25
BPS  Hardwood,EVT  Conifer-Hardwood,31
BPS  Hardwood,EVT  Hardwood,3
BPS  Hardwood,EVT  Conifer-Hardwood,7
BPS  Hardwood,EVT  Hardwood,0
BPS  Hardwood,EVT  Conifer-Hardwood,0
BPS  Hardwood,EVT  Developed,84
BPS  Hardwood,EVT  Developed,52
BPS  Hardwood,EVT  Developed,86
BPS  Hardwood,EVT  Developed,136
BPS  Hardwood,EVT  Developed,32
BPS  Hardwood,EVT  Developed,107
BPS  Hardwood,EVT  Developed,153
BPS  Hardwood,EVT  Developed,75
BPS  Hardwood,EVT  Developed,24
BPS  Hardwood,EVT  Developed,48
BPS  Hardwood,EVT  Developed,15
BPS  Hardwood,EVT  Developed,1
BPS  Hardwood,EVT  Developed,0
BPS  Hardwood,EVT  Agricultural,3
BPS  Hardwood,EVT  Agricultural,60
BPS  Hardwood,EVT  Agricultural,35
BPS  Hardwood,EVT  Agricultural,9
BPS  Hardwood,EVT  Agricultural,544
BPS  Hardwood,EVT  Agricultural,0
BPS  Hardwood,EVT  Riparian,0
BPS  Hardwood,EVT  Riparian,0
BPS  Hardwood,EVT  Riparian,0
BPS  Hardwood,EVT  Riparian,2
BPS  Hardwood,EVT  Riparian,25
BPS  Hardwood,EVT  Riparian,3
BPS  Hardwood,EVT  Riparian,1
BPS  Hardwood,EVT  Riparian,10
BPS  Hardwood,EVT  Riparian,1
BPS  Hardwood,EVT  Riparian,0
BPS  Hardwood,EVT  Riparian,7
BPS  Hardwood,EVT  Riparian,14
BPS  Hardwood,EVT  Conifer,1
BPS  Hardwood,EVT  Hardwood,2
BPS  Hardwood,EVT  Conifer,115
BPS  Hardwood,EVT  Riparian,1
BPS  Hardwood,EVT  Conifer-Hardwood,18
BPS  Hardwood,EVT  Exotic Tree-Shrub,6
BPS  Hardwood,EVT  Riparian,1
BPS  Hardwood,EVT  Shrubland,0
BPS  Hardwood,EVT  Exotic Herbaceous,27
BPS  Hardwood-Conifer,EVT  Hardwood,4
BPS  Hardwood-Conifer,EVT  Conifer-Hardwood,4
BPS  Hardwood-Conifer,EVT  Hardwood,5
BPS  Hardwood-Conifer,EVT  Conifer-Hardwood,20
BPS  Hardwood-Conifer,EVT  Quarries-Strip Mines-Gravel Pits-Well and Wind Pads,3
BPS  Hardwood-Conifer,EVT  Developed-Low Intensity,30
BPS  Hardwood-Conifer,EVT  Developed-Medium Intensity,29
BPS  Hardwood-Conifer,EVT  Developed-High Intensity,12
BPS  Hardwood-Conifer,EVT  Developed-Roads,56
BPS  Hardwood-Conifer,EVT  Hardwood,96
BPS  Hardwood-Conifer,EVT  Hardwood,0
BPS  Hardwood-Conifer,EVT  Conifer,14
BPS  Hardwood-Conifer,EVT  Conifer,15
BPS  Hardwood-Conifer,EVT  Conifer,1
BPS  Hardwood-Conifer,EVT  Conifer,1
BPS  Hardwood-Conifer,EVT  Conifer,4
BPS  Hardwood-Conifer,EVT  Conifer-Hardwood,14
BPS  Hardwood-Conifer,EVT  Riparian,4
BPS  Hardwood-Conifer,EVT  Conifer-Hardwood,1
BPS  Hardwood-Conifer,EVT  Hardwood,1
BPS  Hardwood-Conifer,EVT  Conifer-Hardwood,1
BPS  Hardwood-Conifer,EVT  Hardwood,0
BPS  Hardwood-Conifer,EVT  Conifer-Hardwood,4
BPS  Hardwood-Conifer,EVT  Developed,6
BPS  Hardwood-Conifer,EVT  Developed,1
BPS  Hardwood-Conifer,EVT  Developed,6
BPS  Hardwood-Conifer,EVT  Developed,23
BPS  Hardwood-Conifer,EVT  Developed,2
BPS  Hardwood-Conifer,EVT  Developed,18
BPS  Hardwood-Conifer,EVT  Developed,3
BPS  Hardwood-Conifer,EVT  Developed,8
BPS  Hardwood-Conifer,EVT  Developed,2
BPS  Hardwood-Conifer,EVT  Developed,5
BPS  Hardwood-Conifer,EVT  Developed,1
BPS  Hardwood-Conifer,EVT  Agricultural,6
BPS  Hardwood-Conifer,EVT  Agricultural,8
BPS  Hardwood-Conifer,EVT  Agricultural,1
BPS  Hardwood-Conifer,EVT  Agricultural,98
BPS  Hardwood-Conifer,EVT  Riparian,0
BPS  Hardwood-Conifer,EVT  Riparian,1
BPS  Hardwood-Conifer,EVT  Riparian,1
BPS  Hardwood-Conifer,EVT  Riparian,1
BPS  Hardwood-Conifer,EVT  Riparian,1
BPS  Hardwood-Conifer,EVT  Riparian,1
BPS  Hardwood-Conifer,EVT  Riparian,1
BPS  Hardwood-Conifer,EVT  Riparian,40
BPS  Hardwood-Conifer,EVT  Conifer,5
BPS  Hardwood-Conifer,EVT  Conifer-Hardwood,1
BPS  Hardwood-Conifer,EVT  Exotic Tree-Shrub,1
BPS  Hardwood-Conifer,EVT  Riparian,0
BPS  Hardwood-Conifer,EVT  Exotic Herbaceous,4
BPS  Hardwood-Conifer,EVT  Grassland,11
BPS  Hardwood-Conifer,EVT  Shrubland,0
BPS  Hardwood-Conifer,EVT  Conifer,0
BPS  Hardwood-Conifer,EVT  Hardwood,30
BPS  Hardwood-Conifer,EVT  Conifer-Hardwood,39
BPS  Hardwood-Conifer,EVT  Hardwood,49
BPS  Hardwood-Conifer,EVT  Conifer-Hardwood,75
BPS  Hardwood-Conifer,EVT  Grassland,1
BPS  Hardwood-Conifer,EVT  Shrubland,147
BPS  Hardwood-Conifer,EVT  Developed-Low Intensity,11
BPS  Hardwood-Conifer,EVT  Developed-Medium Intensity,2
BPS  Hardwood-Conifer,EVT  Developed-High Intensity,0
BPS  Hardwood-Conifer,EVT  Developed-Roads,55
BPS  Hardwood-Conifer,EVT  Hardwood,7868
BPS  Hardwood-Conifer,EVT  Hardwood,1
BPS  Hardwood-Conifer,EVT  Conifer,33
BPS  Hardwood-Conifer,EVT  Conifer,52
BPS  Hardwood-Conifer,EVT  Conifer,168
BPS  Hardwood-Conifer,EVT  Conifer-Hardwood,15911
BPS  Hardwood-Conifer,EVT  Shrubland,7
BPS  Hardwood-Conifer,EVT  Conifer,217
BPS  Hardwood-Conifer,EVT  Hardwood,23
BPS  Hardwood-Conifer,EVT  Conifer,3
BPS  Hardwood-Conifer,EVT  Conifer-Hardwood,3
BPS  Hardwood-Conifer,EVT  Hardwood,1
BPS  Hardwood-Conifer,EVT  Hardwood,42
BPS  Hardwood-Conifer,EVT  Conifer-Hardwood,119
BPS  Hardwood-Conifer,EVT  Hardwood,10
BPS  Hardwood-Conifer,EVT  Conifer-Hardwood,2
BPS  Hardwood-Conifer,EVT  Developed,17
BPS  Hardwood-Conifer,EVT  Developed,19
BPS  Hardwood-Conifer,EVT  Developed,24
BPS  Hardwood-Conifer,EVT  Developed,30
BPS  Hardwood-Conifer,EVT  Developed,49
BPS  Hardwood-Conifer,EVT  Developed,2
BPS  Hardwood-Conifer,EVT  Developed,1
BPS  Hardwood-Conifer,EVT  Developed,69
BPS  Hardwood-Conifer,EVT  Developed,2
BPS  Hardwood-Conifer,EVT  Developed,6
BPS  Hardwood-Conifer,EVT  Agricultural,6
BPS  Hardwood-Conifer,EVT  Agricultural,2
BPS  Hardwood-Conifer,EVT  Agricultural,0
BPS  Hardwood-Conifer,EVT  Agricultural,0
BPS  Hardwood-Conifer,EVT  Agricultural,39
BPS  Hardwood-Conifer,EVT  Riparian,0
BPS  Hardwood-Conifer,EVT  Riparian,19
BPS  Hardwood-Conifer,EVT  Conifer,83
BPS  Hardwood-Conifer,EVT  Conifer,7
BPS  Hardwood-Conifer,EVT  Conifer-Hardwood,4
BPS  Hardwood-Conifer,EVT  Exotic Tree-Shrub,4
BPS  Hardwood-Conifer,EVT  Riparian,0
BPS  Hardwood-Conifer,EVT  Shrubland,2
BPS  Hardwood-Conifer,EVT  Exotic Herbaceous,39
BPS  Hardwood-Conifer,EVT  Grassland,2
BPS  Hardwood-Conifer,EVT  Conifer,1
BPS  Hardwood-Conifer,EVT  Hardwood,48
BPS  Hardwood-Conifer,EVT  Conifer-Hardwood,15
BPS  Hardwood-Conifer,EVT  Hardwood,21
BPS  Hardwood-Conifer,EVT  Conifer-Hardwood,27
BPS  Hardwood-Conifer,EVT  Quarries-Strip Mines-Gravel Pits-Well and Wind Pads,2
BPS  Hardwood-Conifer,EVT  Developed-Low Intensity,16
BPS  Hardwood-Conifer,EVT  Developed-Medium Intensity,2
BPS  Hardwood-Conifer,EVT  Developed-High Intensity,0
BPS  Hardwood-Conifer,EVT  Developed-Roads,1
BPS  Hardwood-Conifer,EVT  Hardwood,438
BPS  Hardwood-Conifer,EVT  Hardwood,21
BPS  Hardwood-Conifer,EVT  Conifer,10
BPS  Hardwood-Conifer,EVT  Conifer,18
BPS  Hardwood-Conifer,EVT  Conifer,1
BPS  Hardwood-Conifer,EVT  Conifer,3
BPS  Hardwood-Conifer,EVT  Conifer-Hardwood,28
BPS  Hardwood-Conifer,EVT  Hardwood,42
BPS  Hardwood-Conifer,EVT  Conifer-Hardwood,5
BPS  Hardwood-Conifer,EVT  Hardwood,16
BPS  Hardwood-Conifer,EVT  Conifer-Hardwood,3
BPS  Hardwood-Conifer,EVT  Hardwood,1
BPS  Hardwood-Conifer,EVT  Conifer-Hardwood,1
BPS  Hardwood-Conifer,EVT  Hardwood,1
BPS  Hardwood-Conifer,EVT  Developed,6
BPS  Hardwood-Conifer,EVT  Developed,3
BPS  Hardwood-Conifer,EVT  Developed,4
BPS  Hardwood-Conifer,EVT  Developed,8
BPS  Hardwood-Conifer,EVT  Developed,3
BPS  Hardwood-Conifer,EVT  Developed,4
BPS  Hardwood-Conifer,EVT  Developed,6
BPS  Hardwood-Conifer,EVT  Developed,4
BPS  Hardwood-Conifer,EVT  Developed,3
BPS  Hardwood-Conifer,EVT  Developed,4
BPS  Hardwood-Conifer,EVT  Agricultural,2
BPS  Hardwood-Conifer,EVT  Agricultural,0
BPS  Hardwood-Conifer,EVT  Agricultural,2
BPS  Hardwood-Conifer,EVT  Agricultural,3
BPS  Hardwood-Conifer,EVT  Conifer,6
BPS  Hardwood-Conifer,EVT  Conifer,2
BPS  Hardwood-Conifer,EVT  Conifer-Hardwood,1
BPS  Hardwood-Conifer,EVT  Exotic Tree-Shrub,1
BPS  Hardwood-Conifer,EVT  Shrubland,2
BPS  Hardwood-Conifer,EVT  Exotic Herbaceous,2
BPS  Hardwood-Conifer,EVT  Developed-Low Intensity,0
BPS  Grassland,EVT  Developed-Medium Intensity,0
BPS  Grassland,EVT  Hardwood,1
BPS  Grassland,EVT  Riparian,0
BPS  Grassland,EVT  Developed,1
BPS  Grassland,EVT  Riparian,0
BPS  Riparian,EVT  Hardwood,2
BPS  Riparian,EVT  Conifer-Hardwood,0
BPS  Riparian,EVT  Hardwood,1
BPS  Riparian,EVT  Conifer-Hardwood,2
BPS  Riparian,EVT  Developed-Low Intensity,2
BPS  Riparian,EVT  Developed-Medium Intensity,1
BPS  Riparian,EVT  Developed-High Intensity,1
BPS  Riparian,EVT  Developed-Roads,7
BPS  Riparian,EVT  Hardwood,10
BPS  Riparian,EVT  Conifer,3
BPS  Riparian,EVT  Conifer,2
BPS  Riparian,EVT  Conifer,0
BPS  Riparian,EVT  Riparian,3
BPS  Riparian,EVT  Conifer-Hardwood,0
BPS  Riparian,EVT  Conifer-Hardwood,0
BPS  Riparian,EVT  Developed,1
BPS  Riparian,EVT  Developed,1
BPS  Riparian,EVT  Developed,1
BPS  Riparian,EVT  Developed,2
BPS  Riparian,EVT  Developed,1
BPS  Riparian,EVT  Developed,0
BPS  Riparian,EVT  Developed,2
BPS  Riparian,EVT  Agricultural,1
BPS  Riparian,EVT  Agricultural,1
BPS  Riparian,EVT  Agricultural,0
BPS  Riparian,EVT  Riparian,2
BPS  Riparian,EVT  Riparian,36
BPS  Riparian,EVT  Riparian,1
BPS  Riparian,EVT  Riparian,0
BPS  Riparian,EVT  Riparian,0
BPS  Riparian,EVT  Riparian,0
BPS  Riparian,EVT  Riparian,0
BPS  Riparian,EVT  Conifer-Hardwood,0
BPS  Riparian,EVT  Exotic Tree-Shrub,0
BPS  Riparian,EVT  Riparian,1
BPS  Riparian,EVT  Riparian,0
BPS  Riparian,EVT  Exotic Herbaceous,1
BPS  Riparian,EVT  Hardwood,5
BPS  Riparian,EVT  Conifer-Hardwood,9
BPS  Riparian,EVT  Hardwood,19
BPS  Riparian,EVT  Conifer-Hardwood,107
BPS  Riparian,EVT  Developed-Low Intensity,3
BPS  Riparian,EVT  Developed-Medium Intensity,1
BPS  Riparian,EVT  Developed-Roads,18
BPS  Riparian,EVT  Hardwood,467
BPS  Riparian,EVT  Hardwood,0
BPS  Riparian,EVT  Conifer,6
BPS  Riparian,EVT  Conifer,74
BPS  Riparian,EVT  Conifer,1
BPS  Riparian,EVT  Conifer,2
BPS  Riparian,EVT  Conifer,5
BPS  Riparian,EVT  Conifer-Hardwood,14
BPS  Riparian,EVT  Riparian,13
BPS  Riparian,EVT  Conifer-Hardwood,0
BPS  Riparian,EVT  Hardwood,1
BPS  Riparian,EVT  Conifer-Hardwood,5
BPS  Riparian,EVT  Hardwood,1
BPS  Riparian,EVT  Conifer-Hardwood,12
BPS  Riparian,EVT  Developed,12
BPS  Riparian,EVT  Developed,4
BPS  Riparian,EVT  Developed,7
BPS  Riparian,EVT  Developed,5
BPS  Riparian,EVT  Developed,1
BPS  Riparian,EVT  Developed,11
BPS  Riparian,EVT  Developed,7
BPS  Riparian,EVT  Developed,3
BPS  Riparian,EVT  Developed,1
BPS  Riparian,EVT  Developed,4
BPS  Riparian,EVT  Developed,2
BPS  Riparian,EVT  Developed,0
BPS  Riparian,EVT  Agricultural,0
BPS  Riparian,EVT  Agricultural,1
BPS  Riparian,EVT  Agricultural,0
BPS  Riparian,EVT  Agricultural,2
BPS  Riparian,EVT  Riparian,0
BPS  Riparian,EVT  Riparian,1
BPS  Riparian,EVT  Riparian,0
BPS  Riparian,EVT  Riparian,12
BPS  Riparian,EVT  Riparian,0
BPS  Riparian,EVT  Riparian,0
BPS  Riparian,EVT  Riparian,3
BPS  Riparian,EVT  Riparian,0
BPS  Riparian,EVT  Riparian,1
BPS  Riparian,EVT  Riparian,6
BPS  Riparian,EVT  Conifer,17
BPS  Riparian,EVT  Conifer-Hardwood,2
BPS  Riparian,EVT  Exotic Tree-Shrub,0
BPS  Riparian,EVT  Riparian,0
BPS  Riparian,EVT  Riparian,0
BPS  Riparian,EVT  Exotic Herbaceous,4
BPS  Riparian,EVT  Hardwood,10
BPS  Riparian,EVT  Conifer-Hardwood,8
BPS  Riparian,EVT  Hardwood,14
BPS  Riparian,EVT  Conifer-Hardwood,20
BPS  Riparian,EVT  Developed-Low Intensity,37
BPS  Riparian,EVT  Developed-Medium Intensity,33
BPS  Riparian,EVT  Developed-High Intensity,8
BPS  Riparian,EVT  Developed-Roads,112
BPS  Riparian,EVT  Hardwood,105
BPS  Riparian,EVT  Hardwood,5
BPS  Riparian,EVT  Conifer,26
BPS  Riparian,EVT  Conifer,38
BPS  Riparian,EVT  Conifer,1
BPS  Riparian,EVT  Conifer,0
BPS  Riparian,EVT  Conifer,1
BPS  Riparian,EVT  Riparian,12
BPS  Riparian,EVT  Hardwood,2
BPS  Riparian,EVT  Conifer-Hardwood,2
BPS  Riparian,EVT  Conifer-Hardwood,1
BPS  Riparian,EVT  Developed,10
BPS  Riparian,EVT  Developed,3
BPS  Riparian,EVT  Developed,7
BPS  Riparian,EVT  Developed,36
BPS  Riparian,EVT  Developed,3
BPS  Riparian,EVT  Developed,17
BPS  Riparian,EVT  Developed,21
BPS  Riparian,EVT  Developed,25
BPS  Riparian,EVT  Developed,4
BPS  Riparian,EVT  Developed,11
BPS  Riparian,EVT  Developed,45
BPS  Riparian,EVT  Developed,2
BPS  Riparian,EVT  Developed,4
BPS  Riparian,EVT  Agricultural,1
BPS  Riparian,EVT  Agricultural,38
BPS  Riparian,EVT  Agricultural,5
BPS  Riparian,EVT  Agricultural,0
BPS  Riparian,EVT  Agricultural,109
BPS  Riparian,EVT  Riparian,0
BPS  Riparian,EVT  Riparian,4
BPS  Riparian,EVT  Riparian,3
BPS  Riparian,EVT  Riparian,82
BPS  Riparian,EVT  Riparian,3
BPS  Riparian,EVT  Riparian,7
BPS  Riparian,EVT  Riparian,1
BPS  Riparian,EVT  Riparian,2
BPS  Riparian,EVT  Riparian,0
BPS  Riparian,EVT  Riparian,3
BPS  Riparian,EVT  Riparian,1
BPS  Riparian,EVT  Hardwood,3
BPS  Riparian,EVT  Conifer,3
BPS  Riparian,EVT  Riparian,2
BPS  Riparian,EVT  Conifer-Hardwood,6
BPS  Riparian,EVT  Exotic Tree-Shrub,2
BPS  Riparian,EVT  Riparian,0
BPS  Riparian,EVT  Riparian,2
BPS  Riparian,EVT  Exotic Herbaceous,4
BPS  Riparian,EVT  Hardwood,1
BPS  Riparian,EVT  Conifer-Hardwood,2
BPS  Riparian,EVT  Hardwood,3
BPS  Riparian,EVT  Conifer-Hardwood,5
BPS  Riparian,EVT  Quarries-Strip Mines-Gravel Pits-Well and Wind Pads,0
BPS  Riparian,EVT  Developed-Low Intensity,15
BPS  Riparian,EVT  Developed-Medium Intensity,4
BPS  Riparian,EVT  Developed-Roads,40
BPS  Riparian,EVT  Hardwood,42
BPS  Riparian,EVT  Conifer,6
BPS  Riparian,EVT  Conifer,7
BPS  Riparian,EVT  Conifer,1
BPS  Riparian,EVT  Conifer,0
BPS  Riparian,EVT  Conifer,0
BPS  Riparian,EVT  Riparian,3
BPS  Riparian,EVT  Conifer-Hardwood,0
BPS  Riparian,EVT  Developed,3
BPS  Riparian,EVT  Developed,0
BPS  Riparian,EVT  Developed,1
BPS  Riparian,EVT  Developed,7
BPS  Riparian,EVT  Developed,1
BPS  Riparian,EVT  Developed,5
BPS  Riparian,EVT  Developed,3
BPS  Riparian,EVT  Developed,6
BPS  Riparian,EVT  Developed,0
BPS  Riparian,EVT  Developed,3
BPS  Riparian,EVT  Developed,1
BPS  Riparian,EVT  Developed,1
BPS  Riparian,EVT  Agricultural,1
BPS  Riparian,EVT  Agricultural,15
BPS  Riparian,EVT  Agricultural,2
BPS  Riparian,EVT  Agricultural,0
BPS  Riparian,EVT  Agricultural,68
BPS  Riparian,EVT  Riparian,0
BPS  Riparian,EVT  Riparian,3
BPS  Riparian,EVT  Riparian,0
BPS  Riparian,EVT  Riparian,8
BPS  Riparian,EVT  Riparian,1
BPS  Riparian,EVT  Riparian,2
BPS  Riparian,EVT  Riparian,0
BPS  Riparian,EVT  Riparian,0
BPS  Riparian,EVT  Riparian,2
BPS  Riparian,EVT  Conifer,1
BPS  Riparian,EVT  Riparian,1
BPS  Riparian,EVT  Conifer-Hardwood,7
BPS  Riparian,EVT  Riparian,0
BPS  Riparian,EVT  Exotic Herbaceous,2
BPS  Riparian,EVT  Grassland,1
BPS  Riparian,EVT  Conifer,0
BPS  Riparian,EVT  Hardwood,25
BPS  Riparian,EVT  Conifer-Hardwood,17
BPS  Riparian,EVT  Hardwood,18
BPS  Riparian,EVT  Conifer-Hardwood,68
BPS  Riparian,EVT  Quarries-Strip Mines-Gravel Pits-Well and Wind Pads,2
BPS  Riparian,EVT  Developed-Low Intensity,47
BPS  Riparian,EVT  Developed-Medium Intensity,31
BPS  Riparian,EVT  Developed-High Intensity,6
BPS  Riparian,EVT  Developed-Roads,109
BPS  Riparian,EVT  Hardwood,313
BPS  Riparian,EVT  Hardwood,11
BPS  Riparian,EVT  Conifer,32
BPS  Riparian,EVT  Conifer,52
BPS  Riparian,EVT  Conifer,0
BPS  Riparian,EVT  Conifer,4
BPS  Riparian,EVT  Conifer,15
BPS  Riparian,EVT  Conifer-Hardwood,9
BPS  Riparian,EVT  Conifer,0
BPS  Riparian,EVT  Hardwood,1
BPS  Riparian,EVT  Conifer,1
BPS  Riparian,EVT  Riparian,162
BPS  Riparian,EVT  Conifer-Hardwood,1
BPS  Riparian,EVT  Hardwood,8
BPS  Riparian,EVT  Conifer-Hardwood,5
BPS  Riparian,EVT  Hardwood,1
BPS  Riparian,EVT  Conifer-Hardwood,7
BPS  Riparian,EVT  Conifer-Hardwood,0
BPS  Riparian,EVT  Developed,24
BPS  Riparian,EVT  Developed,4
BPS  Riparian,EVT  Developed,11
BPS  Riparian,EVT  Developed,31
BPS  Riparian,EVT  Developed,6
BPS  Riparian,EVT  Developed,27
BPS  Riparian,EVT  Developed,19
BPS  Riparian,EVT  Developed,26
BPS  Riparian,EVT  Developed,11
BPS  Riparian,EVT  Developed,31
BPS  Riparian,EVT  Developed,62
BPS  Riparian,EVT  Developed,3
BPS  Riparian,EVT  Developed,10
BPS  Riparian,EVT  Agricultural,1
BPS  Riparian,EVT  Agricultural,45
BPS  Riparian,EVT  Agricultural,3
BPS  Riparian,EVT  Agricultural,2
BPS  Riparian,EVT  Agricultural,70
BPS  Riparian,EVT  Riparian,1
BPS  Riparian,EVT  Riparian,1
BPS  Riparian,EVT  Riparian,5
BPS  Riparian,EVT  Riparian,3
BPS  Riparian,EVT  Riparian,17
BPS  Riparian,EVT  Riparian,139
BPS  Riparian,EVT  Riparian,25
BPS  Riparian,EVT  Riparian,21
BPS  Riparian,EVT  Riparian,29
BPS  Riparian,EVT  Riparian,12
BPS  Riparian,EVT  Riparian,2
BPS  Riparian,EVT  Riparian,37
BPS  Riparian,EVT  Riparian,60
BPS  Riparian,EVT  Hardwood,1
BPS  Riparian,EVT  Conifer,8
BPS  Riparian,EVT  Riparian,3
BPS  Riparian,EVT  Conifer-Hardwood,14
BPS  Riparian,EVT  Exotic Tree-Shrub,2
BPS  Riparian,EVT  Riparian,3
BPS  Riparian,EVT  Riparian,0
BPS  Riparian,EVT  Riparian,3
BPS  Riparian,EVT  Riparian,1
BPS  Riparian,EVT  Exotic Herbaceous,13
BPS  Riparian,EVT  Conifer,0
BPS  Riparian,EVT  Developed,0
BPS  Riparian,EVT  Developed,0
BPS  Riparian,EVT  Agricultural,0
BPS  Riparian,EVT  Riparian,0
BPS  Riparian,EVT  Grassland,1
BPS  Riparian,EVT  Conifer,1
BPS  Riparian,EVT  Hardwood,5
BPS  Riparian,EVT  Conifer-Hardwood,5
BPS  Riparian,EVT  Hardwood,12
BPS  Riparian,EVT  Conifer-Hardwood,11
BPS  Riparian,EVT  Developed-Low Intensity,72
BPS  Riparian,EVT  Developed-Medium Intensity,53
BPS  Riparian,EVT  Developed-High Intensity,18
BPS  Riparian,EVT  Developed-Roads,103
BPS  Riparian,EVT  Hardwood,111
BPS  Riparian,EVT  Hardwood,2
BPS  Riparian,EVT  Conifer,22
BPS  Riparian,EVT  Conifer,20
BPS  Riparian,EVT  Conifer,0
BPS  Riparian,EVT  Conifer,2
BPS  Riparian,EVT  Conifer,17
BPS  Riparian,EVT  Conifer-Hardwood,4
BPS  Riparian,EVT  Conifer,2
BPS  Riparian,EVT  Conifer,2
BPS  Riparian,EVT  Riparian,165
BPS  Riparian,EVT  Hardwood,1
BPS  Riparian,EVT  Conifer-Hardwood,1
BPS  Riparian,EVT  Hardwood,6
BPS  Riparian,EVT  Conifer-Hardwood,5
BPS  Riparian,EVT  Conifer-Hardwood,0
BPS  Riparian,EVT  Developed,12
BPS  Riparian,EVT  Developed,3
BPS  Riparian,EVT  Developed,6
BPS  Riparian,EVT  Developed,29
BPS  Riparian,EVT  Developed,6
BPS  Riparian,EVT  Developed,8
BPS  Riparian,EVT  Developed,9
BPS  Riparian,EVT  Developed,15
BPS  Riparian,EVT  Developed,10
BPS  Riparian,EVT  Developed,24
BPS  Riparian,EVT  Developed,33
BPS  Riparian,EVT  Developed,10
BPS  Riparian,EVT  Developed,28
BPS  Riparian,EVT  Agricultural,41
BPS  Riparian,EVT  Agricultural,25
BPS  Riparian,EVT  Agricultural,7
BPS  Riparian,EVT  Agricultural,101
BPS  Riparian,EVT  Riparian,9
BPS  Riparian,EVT  Riparian,0
BPS  Riparian,EVT  Riparian,39
BPS  Riparian,EVT  Riparian,1
BPS  Riparian,EVT  Riparian,71
BPS  Riparian,EVT  Riparian,201
BPS  Riparian,EVT  Riparian,150
BPS  Riparian,EVT  Riparian,266
BPS  Riparian,EVT  Riparian,8
BPS  Riparian,EVT  Riparian,86
BPS  Riparian,EVT  Riparian,26
BPS  Riparian,EVT  Riparian,6
BPS  Riparian,EVT  Riparian,111
BPS  Riparian,EVT  Hardwood,0
BPS  Riparian,EVT  Conifer,6
BPS  Riparian,EVT  Riparian,4
BPS  Riparian,EVT  Conifer-Hardwood,12
BPS  Riparian,EVT  Exotic Tree-Shrub,7
BPS  Riparian,EVT  Riparian,0
BPS  Riparian,EVT  Riparian,36
BPS  Riparian,EVT  Riparian,14
BPS  Riparian,EVT  Riparian,0
BPS  Riparian,EVT  Exotic Herbaceous,71
BPS  Hardwood,EVT  Agricultural,1
BPS  Hardwood,EVT  Riparian,1
BPS  Riparian,EVT  Grassland,10
BPS  Riparian,EVT  Shrubland,4
BPS  Riparian,EVT  Conifer,17
BPS  Riparian,EVT  Grassland,86
BPS  Riparian,EVT  Shrubland,3
BPS  Riparian,EVT  Conifer,6
BPS  Riparian,EVT  Grassland,1
BPS  Riparian,EVT  Shrubland,0
BPS  Riparian,EVT  Conifer,2
BPS  Riparian,EVT  Hardwood,155
BPS  Riparian,EVT  Conifer-Hardwood,167
BPS  Riparian,EVT  Hardwood,955
BPS  Riparian,EVT  Conifer-Hardwood,2484
BPS  Riparian,EVT  Shrubland,0
BPS  Riparian,EVT  Quarries-Strip Mines-Gravel Pits-Well and Wind Pads,2
BPS  Riparian,EVT  Developed-Low Intensity,700
BPS  Riparian,EVT  Developed-Medium Intensity,319
BPS  Riparian,EVT  Developed-High Intensity,64
BPS  Riparian,EVT  Developed-Roads,2709
BPS  Riparian,EVT  Hardwood,22865
BPS  Riparian,EVT  Hardwood,23
BPS  Riparian,EVT  Conifer,330
BPS  Riparian,EVT  Conifer,2148
BPS  Riparian,EVT  Conifer,10
BPS  Riparian,EVT  Conifer,16
BPS  Riparian,EVT  Conifer,2465
BPS  Riparian,EVT  Conifer-Hardwood,3082
BPS  Riparian,EVT  Conifer,3
BPS  Riparian,EVT  Hardwood,11
BPS  Riparian,EVT  Conifer,145
BPS  Riparian,EVT  Riparian,3117
BPS  Riparian,EVT  Conifer-Hardwood,3
BPS  Riparian,EVT  Hardwood,18
BPS  Riparian,EVT  Conifer-Hardwood,23
BPS  Riparian,EVT  Hardwood,380
BPS  Riparian,EVT  Conifer-Hardwood,2590
BPS  Riparian,EVT  Hardwood,0
BPS  Riparian,EVT  Conifer-Hardwood,1
BPS  Riparian,EVT  Developed,510
BPS  Riparian,EVT  Developed,223
BPS  Riparian,EVT  Developed,428
BPS  Riparian,EVT  Developed,599
BPS  Riparian,EVT  Developed,138
BPS  Riparian,EVT  Developed,864
BPS  Riparian,EVT  Developed,346
BPS  Riparian,EVT  Developed,336
BPS  Riparian,EVT  Developed,111
BPS  Riparian,EVT  Developed,221
BPS  Riparian,EVT  Developed,615
BPS  Riparian,EVT  Developed,40
BPS  Riparian,EVT  Developed,81
BPS  Riparian,EVT  Agricultural,20
BPS  Riparian,EVT  Agricultural,462
BPS  Riparian,EVT  Agricultural,96
BPS  Riparian,EVT  Agricultural,26
BPS  Riparian,EVT  Agricultural,1827
BPS  Riparian,EVT  Riparian,2
BPS  Riparian,EVT  Riparian,62
BPS  Riparian,EVT  Riparian,4
BPS  Riparian,EVT  Riparian,419
BPS  Riparian,EVT  Riparian,5
BPS  Riparian,EVT  Riparian,256
BPS  Riparian,EVT  Riparian,2369
BPS  Riparian,EVT  Riparian,645
BPS  Riparian,EVT  Riparian,660
BPS  Riparian,EVT  Riparian,203
BPS  Riparian,EVT  Riparian,261
BPS  Riparian,EVT  Riparian,227
BPS  Riparian,EVT  Riparian,51
BPS  Riparian,EVT  Riparian,10242
BPS  Riparian,EVT  Conifer,38
BPS  Riparian,EVT  Hardwood,2
BPS  Riparian,EVT  Conifer,290
BPS  Riparian,EVT  Riparian,16
BPS  Riparian,EVT  Conifer-Hardwood,129
BPS  Riparian,EVT  Exotic Tree-Shrub,89
BPS  Riparian,EVT  Riparian,10
BPS  Riparian,EVT  Riparian,0
BPS  Riparian,EVT  Riparian,154
BPS  Riparian,EVT  Riparian,95
BPS  Riparian,EVT  Riparian,0
BPS  Riparian,EVT  Shrubland,4
BPS  Riparian,EVT  Exotic Herbaceous,472
BPS  Hardwood,EVT  Hardwood,13
BPS  Hardwood,EVT  Conifer-Hardwood,17
BPS  Hardwood,EVT  Hardwood,49
BPS  Hardwood,EVT  Conifer-Hardwood,87
BPS  Hardwood,EVT  Developed-Low Intensity,0
BPS  Hardwood,EVT  Developed-Roads,1
BPS  Hardwood,EVT  Hardwood,263
BPS  Hardwood,EVT  Conifer,5
BPS  Hardwood,EVT  Conifer,20
BPS  Hardwood,EVT  Conifer-Hardwood,2
BPS  Hardwood,EVT  Developed,9
BPS  Hardwood,EVT  Developed,1
BPS  Hardwood,EVT  Developed,9
BPS  Hardwood,EVT  Developed,0
BPS  Hardwood,EVT  Developed,1
BPS  Hardwood,EVT  Developed,0
BPS  Hardwood,EVT  Agricultural,5
BPS  Hardwood,EVT  Exotic Herbaceous,0
BPS  Hardwood-Conifer,EVT  Conifer-Hardwood,1
BPS  Hardwood-Conifer,EVT  Hardwood,0
BPS  Hardwood-Conifer,EVT  Conifer-Hardwood,2
BPS  Hardwood-Conifer,EVT  Hardwood,2
BPS  Hardwood-Conifer,EVT  Conifer,3
BPS  Hardwood-Conifer,EVT  Conifer,3
BPS  Hardwood-Conifer,EVT  Conifer-Hardwood,0
BPS  Hardwood-Conifer,EVT  Developed,0
BPS  Hardwood-Conifer,EVT  Developed,0
BPS  Hardwood-Conifer,EVT  Grassland,1
BPS  Hardwood-Conifer,EVT  Shrubland,0
BPS  Hardwood-Conifer,EVT  Conifer,1
BPS  Hardwood-Conifer,EVT  Hardwood,9
BPS  Hardwood-Conifer,EVT  Conifer-Hardwood,28
BPS  Hardwood-Conifer,EVT  Hardwood,47
BPS  Hardwood-Conifer,EVT  Conifer-Hardwood,153
BPS  Hardwood-Conifer,EVT  Developed-Low Intensity,2
BPS  Hardwood-Conifer,EVT  Developed-Medium Intensity,0
BPS  Hardwood-Conifer,EVT  Developed-Roads,14
BPS  Hardwood-Conifer,EVT  Hardwood,134
BPS  Hardwood-Conifer,EVT  Conifer,83
BPS  Hardwood-Conifer,EVT  Conifer,197
BPS  Hardwood-Conifer,EVT  Conifer,19
BPS  Hardwood-Conifer,EVT  Hardwood,0
BPS  Hardwood-Conifer,EVT  Conifer-Hardwood,2
BPS  Hardwood-Conifer,EVT  Developed,6
BPS  Hardwood-Conifer,EVT  Developed,9
BPS  Hardwood-Conifer,EVT  Developed,19
BPS  Hardwood-Conifer,EVT  Developed,2
BPS  Hardwood-Conifer,EVT  Developed,1
BPS  Hardwood-Conifer,EVT  Developed,0
BPS  Hardwood-Conifer,EVT  Developed,0
BPS  Hardwood-Conifer,EVT  Developed,1
BPS  Hardwood-Conifer,EVT  Agricultural,2
BPS  Hardwood-Conifer,EVT  Exotic Tree-Shrub,1
BPS  Hardwood-Conifer,EVT  Exotic Herbaceous,0
BPS  Hardwood-Conifer,EVT  Hardwood,0
BPS  Hardwood-Conifer,EVT  Conifer-Hardwood,2
BPS  Hardwood-Conifer,EVT  Hardwood,2
BPS  Hardwood-Conifer,EVT  Conifer,2
BPS  Hardwood-Conifer,EVT  Conifer,2
BPS  Hardwood-Conifer,EVT  Conifer,0
BPS  Hardwood-Conifer,EVT  Developed,0
BPS  Hardwood-Conifer,EVT  Developed,0
BPS  Hardwood-Conifer,EVT  Developed,0
BPS  Hardwood-Conifer,EVT  Agricultural,0
BPS  Hardwood-Conifer,EVT  Conifer-Hardwood,1
BPS  Hardwood-Conifer,EVT  Hardwood,0
BPS  Hardwood-Conifer,EVT  Conifer,5
BPS  Hardwood-Conifer,EVT  Conifer,0
BPS  Hardwood-Conifer,EVT  Conifer-Hardwood,0
BPS  Hardwood-Conifer,EVT  Conifer-Hardwood,0
BPS  Hardwood-Conifer,EVT  Hardwood,1
BPS  Hardwood-Conifer,EVT  Conifer,2
BPS  Riparian,EVT  Developed-Low Intensity,0
BPS  Riparian,EVT  Developed-Roads,1
BPS  Riparian,EVT  Conifer,0
BPS  Riparian,EVT  Developed,0
BPS  Riparian,EVT  Developed,0
BPS  Riparian,EVT  Hardwood,0
BPS  Riparian,EVT  Conifer-Hardwood,2
BPS  Riparian,EVT  Hardwood,2
BPS  Riparian,EVT  Conifer,0
BPS  Riparian,EVT  Conifer,0
BPS  Riparian,EVT  Developed,0
BPS  Riparian,EVT  Developed,0
BPS  Riparian,EVT  Developed,0
BPS  Riparian,EVT  Conifer-Hardwood,0
BPS  Riparian,EVT  Hardwood,0
BPS  Riparian,EVT  Conifer-Hardwood,5
BPS  Riparian,EVT  Developed-Low Intensity,0
BPS  Riparian,EVT  Hardwood,4
BPS  Riparian,EVT  Conifer,0
BPS  Riparian,EVT  Conifer,6
BPS  Riparian,EVT  Conifer,0
BPS  Riparian,EVT  Conifer-Hardwood,1
BPS  Riparian,EVT  Developed,1
BPS  Riparian,EVT  Developed,1
BPS  Riparian,EVT  Developed,2
